{
    "info": {
        "description": "",
        "url": "None",
        "version": "1.0",
        "year": 2024,
        "contributor": "Supervisely",
        "date_created": "2024-05-15T11:42:12.432Z"
    },
    "licenses": [
        {
            "url": "None",
            "id": 0,
            "name": "None"
        }
    ],
    "images": [
        {
            "license": "None",
            "file_name": "Campesii1572-Coelum-287.png",
            "url": "None",
            "height": 650,
            "width": 431,
            "date_captured": "2024-05-15T11:42:12.945Z",
            "id": 338473503
        },
        {
            "license": "None",
            "file_name": "Campesii1572-Coelum-369.png",
            "url": "None",
            "height": 659,
            "width": 432,
            "date_captured": "2024-05-15T11:42:12.945Z",
            "id": 338473504
        },
        {
            "license": "None",
            "file_name": "Campesii1572-Coelum-300.png",
            "url": "None",
            "height": 659,
            "width": 423,
            "date_captured": "2024-05-15T11:42:12.945Z",
            "id": 338473505
        },
        {
            "license": "None",
            "file_name": "Ercker1598-Aula-143.png",
            "url": "None",
            "height": 1767,
            "width": 1143,
            "date_captured": "2024-05-15T11:42:12.945Z",
            "id": 338473506
        },
        {
            "license": "None",
            "file_name": "Brunschwig1597-News-BSB-410.png",
            "url": "None",
            "height": 6734,
            "width": 4267,
            "date_captured": "2024-05-15T11:42:12.945Z",
            "id": 338473507
        }
    ],
    "annotations": [
        {
            "segmentation": [
                [
                    260.0,
                    92.0,
                    225.0,
                    79.0,
                    196.0,
                    77.0,
                    182.0,
                    79.0,
                    163.0,
                    87.0,
                    149.0,
                    96.0,
                    139.0,
                    106.0,
                    126.0,
                    127.0,
                    116.0,
                    151.0,
                    110.0,
                    174.0,
                    107.0,
                    203.0,
                    111.0,
                    237.0,
                    120.0,
                    255.0,
                    133.0,
                    268.0,
                    156.0,
                    280.0,
                    165.0,
                    282.0,
                    187.0,
                    282.0,
                    205.0,
                    277.0,
                    221.0,
                    266.0,
                    229.0,
                    258.0,
                    239.0,
                    240.0,
                    242.0,
                    228.0,
                    242.0,
                    214.0,
                    238.0,
                    198.0,
                    228.0,
                    180.0,
                    215.0,
                    166.0,
                    207.0,
                    163.0,
                    202.0,
                    158.0,
                    177.0,
                    146.0,
                    172.0,
                    142.0,
                    168.0,
                    136.0,
                    167.0,
                    125.0,
                    171.0,
                    111.0,
                    180.0,
                    103.0,
                    196.0,
                    96.0,
                    229.0,
                    97.0,
                    247.0,
                    107.0,
                    259.0,
                    120.0,
                    262.0,
                    118.0,
                    263.0,
                    115.0,
                    263.0,
                    94.0
                ]
            ],
            "area": 18848.0,
            "iscrowd": 0,
            "image_id": 338473503,
            "bbox": [
                107.0,
                77.0,
                156.0,
                205.0
            ],
            "category_id": 6,
            "id": 603
        },
        {
            "segmentation": [
                [
                    245.0,
                    352.0,
                    241.0,
                    353.0,
                    237.0,
                    348.0,
                    231.0,
                    348.0,
                    221.0,
                    351.0,
                    199.0,
                    352.0,
                    173.0,
                    360.0,
                    152.0,
                    371.0,
                    130.0,
                    389.0,
                    119.0,
                    401.0,
                    105.0,
                    421.0,
                    94.0,
                    454.0,
                    94.0,
                    507.0,
                    98.0,
                    516.0,
                    105.0,
                    523.0,
                    118.0,
                    529.0,
                    128.0,
                    529.0,
                    140.0,
                    524.0,
                    153.0,
                    527.0,
                    160.0,
                    527.0,
                    172.0,
                    523.0,
                    186.0,
                    511.0,
                    192.0,
                    499.0,
                    191.0,
                    483.0,
                    185.0,
                    467.0,
                    173.0,
                    453.0,
                    160.0,
                    434.0,
                    159.0,
                    421.0,
                    162.0,
                    408.0,
                    169.0,
                    396.0,
                    191.0,
                    378.0,
                    216.0,
                    369.0,
                    219.0,
                    370.0,
                    224.0,
                    378.0,
                    229.0,
                    381.0,
                    234.0,
                    377.0,
                    234.0,
                    373.0,
                    237.0,
                    370.0,
                    245.0,
                    371.0
                ]
            ],
            "area": 12590.5,
            "iscrowd": 0,
            "image_id": 338473504,
            "bbox": [
                94.0,
                348.0,
                151.0,
                181.0
            ],
            "category_id": 6,
            "id": 604
        },
        {
            "segmentation": [
                [
                    287.0,
                    571.0,
                    284.0,
                    572.0,
                    286.0,
                    575.0,
                    288.0,
                    572.0
                ]
            ],
            "area": 8.0,
            "iscrowd": 0,
            "image_id": 338473504,
            "bbox": [
                284.0,
                571.0,
                4.0,
                4.0
            ],
            "category_id": 6,
            "id": 605
        },
        {
            "segmentation": [
                [
                    385.0,
                    509.0,
                    385.0,
                    517.0,
                    384.0,
                    518.0,
                    385.0,
                    519.0,
                    385.0,
                    527.0
                ]
            ],
            "area": 1.0,
            "iscrowd": 0,
            "image_id": 338473504,
            "bbox": [
                384.0,
                509.0,
                1.0,
                18.0
            ],
            "category_id": 6,
            "id": 606
        },
        {
            "segmentation": [
                [
                    228.0,
                    510.0,
                    231.0,
                    513.0,
                    239.0,
                    514.0,
                    242.0,
                    513.0,
                    242.0,
                    506.0,
                    240.0,
                    506.0,
                    237.0,
                    509.0,
                    235.0,
                    505.0,
                    233.0,
                    508.0,
                    230.0,
                    507.0
                ]
            ],
            "area": 82.0,
            "iscrowd": 0,
            "image_id": 338473504,
            "bbox": [
                228.0,
                505.0,
                14.0,
                9.0
            ],
            "category_id": 6,
            "id": 607
        },
        {
            "segmentation": [
                [
                    383.0,
                    465.0,
                    382.0,
                    478.0,
                    385.0,
                    475.0,
                    385.0,
                    469.0
                ]
            ],
            "area": 24.0,
            "iscrowd": 0,
            "image_id": 338473504,
            "bbox": [
                382.0,
                465.0,
                3.0,
                13.0
            ],
            "category_id": 6,
            "id": 608
        },
        {
            "segmentation": [
                [
                    382.0,
                    434.0,
                    382.0,
                    459.0,
                    382.0,
                    448.0,
                    383.0,
                    447.0,
                    383.0,
                    444.0,
                    382.0,
                    443.0
                ]
            ],
            "area": 4.0,
            "iscrowd": 0,
            "image_id": 338473504,
            "bbox": [
                382.0,
                434.0,
                1.0,
                25.0
            ],
            "category_id": 6,
            "id": 609
        },
        {
            "segmentation": [
                [
                    230.0,
                    351.0,
                    230.0,
                    359.0,
                    228.0,
                    363.0,
                    229.0,
                    367.0,
                    231.0,
                    368.0,
                    230.0,
                    372.0,
                    231.0,
                    370.0,
                    235.0,
                    374.0,
                    237.0,
                    370.0,
                    248.0,
                    372.0,
                    250.0,
                    371.0,
                    269.0,
                    376.0,
                    270.0,
                    379.0,
                    274.0,
                    382.0,
                    279.0,
                    381.0,
                    283.0,
                    385.0,
                    284.0,
                    390.0,
                    291.0,
                    397.0,
                    290.0,
                    393.0,
                    293.0,
                    393.0,
                    292.0,
                    400.0,
                    294.0,
                    401.0,
                    296.0,
                    408.0,
                    298.0,
                    408.0,
                    296.0,
                    406.0,
                    296.0,
                    403.0,
                    298.0,
                    401.0,
                    300.0,
                    402.0,
                    299.0,
                    410.0,
                    302.0,
                    410.0,
                    300.0,
                    412.0,
                    302.0,
                    415.0,
                    302.0,
                    431.0,
                    300.0,
                    433.0,
                    298.0,
                    446.0,
                    270.0,
                    490.0,
                    268.0,
                    505.0,
                    269.0,
                    515.0,
                    266.0,
                    521.0,
                    268.0,
                    524.0,
                    267.0,
                    528.0,
                    264.0,
                    530.0,
                    265.0,
                    534.0,
                    266.0,
                    530.0,
                    268.0,
                    530.0,
                    274.0,
                    543.0,
                    286.0,
                    554.0,
                    283.0,
                    558.0,
                    284.0,
                    561.0,
                    288.0,
                    564.0,
                    290.0,
                    573.0,
                    292.0,
                    575.0,
                    294.0,
                    573.0,
                    296.0,
                    575.0,
                    295.0,
                    572.0,
                    298.0,
                    569.0,
                    306.0,
                    570.0,
                    311.0,
                    568.0,
                    316.0,
                    569.0,
                    339.0,
                    567.0,
                    382.0,
                    567.0,
                    383.0,
                    562.0,
                    380.0,
                    558.0,
                    380.0,
                    554.0,
                    379.0,
                    555.0,
                    377.0,
                    553.0,
                    377.0,
                    549.0,
                    374.0,
                    549.0,
                    375.0,
                    543.0,
                    376.0,
                    545.0,
                    384.0,
                    545.0,
                    385.0,
                    558.0,
                    385.0,
                    530.0,
                    385.0,
                    533.0,
                    383.0,
                    534.0,
                    382.0,
                    530.0,
                    380.0,
                    532.0,
                    378.0,
                    528.0,
                    378.0,
                    491.0,
                    375.0,
                    487.0,
                    375.0,
                    483.0,
                    360.0,
                    444.0,
                    360.0,
                    441.0,
                    338.0,
                    403.0,
                    332.0,
                    395.0,
                    312.0,
                    376.0,
                    298.0,
                    366.0,
                    288.0,
                    361.0,
                    276.0,
                    358.0,
                    274.0,
                    356.0
                ]
            ],
            "area": 16495.5,
            "iscrowd": 0,
            "image_id": 338473504,
            "bbox": [
                228.0,
                351.0,
                157.0,
                224.0
            ],
            "category_id": 6,
            "id": 610
        },
        {
            "segmentation": [
                [
                    122.0,
                    47.0,
                    115.0,
                    49.0,
                    104.0,
                    55.0,
                    95.0,
                    65.0,
                    89.0,
                    77.0,
                    88.0,
                    85.0,
                    90.0,
                    101.0,
                    97.0,
                    115.0,
                    103.0,
                    134.0,
                    103.0,
                    143.0,
                    101.0,
                    151.0,
                    98.0,
                    153.0,
                    94.0,
                    152.0,
                    81.0,
                    144.0,
                    58.0,
                    120.0,
                    50.0,
                    121.0,
                    47.0,
                    127.0,
                    68.0,
                    152.0,
                    75.0,
                    164.0,
                    78.0,
                    173.0,
                    79.0,
                    181.0,
                    66.0,
                    203.0,
                    63.0,
                    214.0,
                    63.0,
                    231.0,
                    71.0,
                    252.0,
                    78.0,
                    260.0,
                    79.0,
                    264.0,
                    90.0,
                    271.0,
                    92.0,
                    275.0,
                    95.0,
                    277.0,
                    111.0,
                    279.0,
                    113.0,
                    281.0,
                    116.0,
                    280.0,
                    119.0,
                    282.0,
                    131.0,
                    281.0,
                    134.0,
                    283.0,
                    146.0,
                    281.0,
                    151.0,
                    278.0,
                    153.0,
                    279.0,
                    156.0,
                    277.0,
                    164.0,
                    276.0,
                    170.0,
                    270.0,
                    174.0,
                    269.0,
                    177.0,
                    266.0,
                    178.0,
                    262.0,
                    187.0,
                    255.0,
                    188.0,
                    249.0,
                    193.0,
                    238.0,
                    195.0,
                    227.0,
                    195.0,
                    212.0,
                    190.0,
                    197.0,
                    164.0,
                    162.0,
                    160.0,
                    151.0,
                    163.0,
                    130.0,
                    171.0,
                    115.0,
                    178.0,
                    96.0,
                    178.0,
                    83.0,
                    175.0,
                    73.0,
                    170.0,
                    65.0,
                    157.0,
                    52.0,
                    143.0,
                    47.0
                ]
            ],
            "area": 22126.5,
            "iscrowd": 0,
            "image_id": 338473505,
            "bbox": [
                47.0,
                47.0,
                148.0,
                236.0
            ],
            "category_id": 3,
            "id": 611
        },
        {
            "segmentation": [
                [
                    586.0,
                    952.0,
                    584.0,
                    957.0,
                    585.0,
                    964.0,
                    613.0,
                    977.0,
                    635.0,
                    983.0,
                    656.0,
                    994.0,
                    674.0,
                    1001.0,
                    696.0,
                    1014.0,
                    706.0,
                    1024.0,
                    710.0,
                    1032.0,
                    712.0,
                    1045.0,
                    700.0,
                    1079.0,
                    699.0,
                    1113.0,
                    703.0,
                    1132.0,
                    710.0,
                    1145.0,
                    723.0,
                    1162.0,
                    742.0,
                    1173.0,
                    752.0,
                    1176.0,
                    785.0,
                    1177.0,
                    798.0,
                    1174.0,
                    818.0,
                    1166.0,
                    828.0,
                    1159.0,
                    837.0,
                    1150.0,
                    849.0,
                    1131.0,
                    853.0,
                    1121.0,
                    857.0,
                    1102.0,
                    857.0,
                    1084.0,
                    853.0,
                    1063.0,
                    847.0,
                    1050.0,
                    837.0,
                    1035.0,
                    820.0,
                    1019.0,
                    798.0,
                    1004.0,
                    775.0,
                    992.0,
                    750.0,
                    986.0,
                    743.0,
                    981.0,
                    732.0,
                    977.0,
                    709.0,
                    973.0,
                    701.0,
                    970.0,
                    686.0,
                    969.0,
                    669.0,
                    963.0,
                    628.0,
                    954.0,
                    606.0,
                    951.0
                ]
            ],
            "area": 28195.5,
            "iscrowd": 0,
            "image_id": 338473506,
            "bbox": [
                584.0,
                951.0,
                273.0,
                226.0
            ],
            "category_id": 7,
            "id": 612
        },
        {
            "segmentation": [
                [
                    690.0,
                    365.0,
                    685.0,
                    373.0,
                    681.0,
                    388.0,
                    683.0,
                    408.0,
                    707.0,
                    415.0,
                    742.0,
                    416.0,
                    758.0,
                    414.0,
                    816.0,
                    450.0,
                    834.0,
                    464.0,
                    846.0,
                    476.0,
                    853.0,
                    486.0,
                    858.0,
                    485.0,
                    843.0,
                    461.0,
                    821.0,
                    439.0,
                    800.0,
                    422.0,
                    789.0,
                    411.0,
                    777.0,
                    394.0,
                    764.0,
                    370.0,
                    757.0,
                    361.0,
                    749.0,
                    354.0,
                    737.0,
                    347.0,
                    736.0,
                    335.0,
                    728.0,
                    331.0,
                    723.0,
                    333.0,
                    718.0,
                    338.0,
                    718.0,
                    344.0,
                    715.0,
                    348.0,
                    710.0,
                    349.0,
                    698.0,
                    356.0
                ]
            ],
            "area": 6929.5,
            "iscrowd": 0,
            "image_id": 338473506,
            "bbox": [
                681.0,
                331.0,
                177.0,
                155.0
            ],
            "category_id": 4,
            "id": 613
        },
        {
            "segmentation": [
                [
                    455.0,
                    934.0,
                    461.0,
                    940.0,
                    461.0,
                    943.0,
                    463.0,
                    937.0,
                    466.0,
                    935.0,
                    482.0,
                    935.0,
                    471.0,
                    933.0
                ]
            ],
            "area": 60.0,
            "iscrowd": 0,
            "image_id": 338473506,
            "bbox": [
                455.0,
                933.0,
                27.0,
                10.0
            ],
            "category_id": 1,
            "id": 614
        },
        {
            "segmentation": [
                [
                    435.0,
                    927.0,
                    429.0,
                    927.0,
                    422.0,
                    930.0,
                    413.0,
                    930.0,
                    407.0,
                    935.0,
                    406.0,
                    948.0,
                    403.0,
                    956.0,
                    402.0,
                    977.0,
                    399.0,
                    986.0,
                    396.0,
                    990.0,
                    396.0,
                    998.0,
                    382.0,
                    1016.0,
                    373.0,
                    1031.0,
                    365.0,
                    1039.0,
                    362.0,
                    1046.0,
                    362.0,
                    1052.0,
                    357.0,
                    1061.0,
                    352.0,
                    1076.0,
                    352.0,
                    1094.0,
                    349.0,
                    1100.0,
                    349.0,
                    1111.0,
                    353.0,
                    1127.0,
                    354.0,
                    1138.0,
                    369.0,
                    1157.0,
                    381.0,
                    1166.0,
                    385.0,
                    1167.0,
                    390.0,
                    1174.0,
                    399.0,
                    1173.0,
                    402.0,
                    1175.0,
                    403.0,
                    1178.0,
                    408.0,
                    1178.0,
                    412.0,
                    1174.0,
                    417.0,
                    1174.0,
                    421.0,
                    1178.0,
                    427.0,
                    1178.0,
                    429.0,
                    1175.0,
                    432.0,
                    1175.0,
                    435.0,
                    1178.0,
                    438.0,
                    1176.0,
                    449.0,
                    1174.0,
                    453.0,
                    1171.0,
                    461.0,
                    1174.0,
                    470.0,
                    1172.0,
                    472.0,
                    1168.0,
                    484.0,
                    1160.0,
                    488.0,
                    1154.0,
                    492.0,
                    1156.0,
                    497.0,
                    1155.0,
                    496.0,
                    1148.0,
                    498.0,
                    1145.0,
                    502.0,
                    1144.0,
                    503.0,
                    1139.0,
                    506.0,
                    1135.0,
                    506.0,
                    1127.0,
                    509.0,
                    1120.0,
                    510.0,
                    1092.0,
                    506.0,
                    1065.0,
                    501.0,
                    1059.0,
                    500.0,
                    1052.0,
                    496.0,
                    1043.0,
                    475.0,
                    1010.0,
                    470.0,
                    1005.0,
                    465.0,
                    995.0,
                    463.0,
                    985.0,
                    458.0,
                    976.0,
                    458.0,
                    972.0,
                    454.0,
                    962.0,
                    451.0,
                    934.0,
                    449.0,
                    932.0,
                    443.0,
                    932.0
                ]
            ],
            "area": 27062.0,
            "iscrowd": 0,
            "image_id": 338473506,
            "bbox": [
                349.0,
                927.0,
                161.0,
                251.0
            ],
            "category_id": 1,
            "id": 615
        },
        {
            "segmentation": [
                [
                    833.0,
                    610.0,
                    820.0,
                    608.0,
                    800.0,
                    610.0,
                    794.0,
                    618.0,
                    792.0,
                    647.0,
                    789.0,
                    656.0,
                    786.0,
                    660.0,
                    784.0,
                    669.0,
                    770.0,
                    684.0,
                    761.0,
                    688.0,
                    752.0,
                    699.0,
                    747.0,
                    700.0,
                    730.0,
                    716.0,
                    728.0,
                    722.0,
                    716.0,
                    739.0,
                    707.0,
                    762.0,
                    704.0,
                    777.0,
                    704.0,
                    804.0,
                    711.0,
                    835.0,
                    711.0,
                    848.0,
                    703.0,
                    852.0,
                    687.0,
                    870.0,
                    677.0,
                    875.0,
                    677.0,
                    898.0,
                    699.0,
                    901.0,
                    707.0,
                    900.0,
                    723.0,
                    907.0,
                    742.0,
                    907.0,
                    743.0,
                    904.0,
                    747.0,
                    904.0,
                    752.0,
                    898.0,
                    754.0,
                    900.0,
                    762.0,
                    898.0,
                    766.0,
                    901.0,
                    786.0,
                    903.0,
                    791.0,
                    905.0,
                    801.0,
                    905.0,
                    805.0,
                    903.0,
                    819.0,
                    904.0,
                    830.0,
                    902.0,
                    844.0,
                    902.0,
                    859.0,
                    898.0,
                    872.0,
                    897.0,
                    877.0,
                    891.0,
                    890.0,
                    885.0,
                    910.0,
                    866.0,
                    915.0,
                    859.0,
                    927.0,
                    833.0,
                    932.0,
                    814.0,
                    932.0,
                    787.0,
                    928.0,
                    766.0,
                    915.0,
                    735.0,
                    900.0,
                    716.0,
                    887.0,
                    703.0,
                    878.0,
                    699.0,
                    872.0,
                    693.0,
                    871.0,
                    690.0,
                    859.0,
                    685.0,
                    847.0,
                    673.0,
                    837.0,
                    652.0,
                    835.0,
                    641.0,
                    835.0,
                    624.0,
                    837.0,
                    616.0
                ]
            ],
            "area": 47755.5,
            "iscrowd": 0,
            "image_id": 338473506,
            "bbox": [
                677.0,
                608.0,
                255.0,
                299.0
            ],
            "category_id": 3,
            "id": 616
        },
        {
            "segmentation": [
                [
                    411.0,
                    882.0,
                    413.0,
                    884.0,
                    417.0,
                    884.0,
                    421.0,
                    880.0,
                    418.0,
                    878.0,
                    412.0,
                    878.0
                ]
            ],
            "area": 45.0,
            "iscrowd": 0,
            "image_id": 338473506,
            "bbox": [
                411.0,
                878.0,
                10.0,
                6.0
            ],
            "category_id": 3,
            "id": 617
        },
        {
            "segmentation": [
                [
                    523.0,
                    622.0,
                    515.0,
                    624.0,
                    510.0,
                    631.0,
                    504.0,
                    665.0,
                    504.0,
                    674.0,
                    494.0,
                    703.0,
                    465.0,
                    727.0,
                    455.0,
                    733.0,
                    445.0,
                    743.0,
                    440.0,
                    751.0,
                    423.0,
                    771.0,
                    390.0,
                    796.0,
                    381.0,
                    808.0,
                    375.0,
                    820.0,
                    374.0,
                    827.0,
                    372.0,
                    830.0,
                    372.0,
                    838.0,
                    382.0,
                    839.0,
                    383.0,
                    833.0,
                    390.0,
                    826.0,
                    391.0,
                    820.0,
                    395.0,
                    815.0,
                    401.0,
                    812.0,
                    406.0,
                    807.0,
                    418.0,
                    802.0,
                    422.0,
                    802.0,
                    423.0,
                    811.0,
                    421.0,
                    826.0,
                    424.0,
                    846.0,
                    430.0,
                    868.0,
                    437.0,
                    880.0,
                    437.0,
                    883.0,
                    444.0,
                    891.0,
                    448.0,
                    892.0,
                    453.0,
                    899.0,
                    464.0,
                    906.0,
                    466.0,
                    909.0,
                    476.0,
                    910.0,
                    479.0,
                    914.0,
                    493.0,
                    915.0,
                    500.0,
                    921.0,
                    520.0,
                    923.0,
                    569.0,
                    922.0,
                    576.0,
                    920.0,
                    586.0,
                    914.0,
                    592.0,
                    913.0,
                    609.0,
                    903.0,
                    632.0,
                    881.0,
                    640.0,
                    870.0,
                    650.0,
                    848.0,
                    654.0,
                    825.0,
                    653.0,
                    807.0,
                    650.0,
                    798.0,
                    649.0,
                    788.0,
                    637.0,
                    762.0,
                    628.0,
                    752.0,
                    627.0,
                    749.0,
                    611.0,
                    733.0,
                    599.0,
                    725.0,
                    593.0,
                    719.0,
                    581.0,
                    712.0,
                    570.0,
                    701.0,
                    567.0,
                    694.0,
                    561.0,
                    664.0,
                    557.0,
                    629.0,
                    549.0,
                    623.0,
                    534.0,
                    621.0
                ]
            ],
            "area": 46907.5,
            "iscrowd": 0,
            "image_id": 338473506,
            "bbox": [
                372.0,
                621.0,
                282.0,
                302.0
            ],
            "category_id": 3,
            "id": 618
        },
        {
            "segmentation": [
                [
                    268.0,
                    623.0,
                    256.0,
                    624.0,
                    249.0,
                    631.0,
                    246.0,
                    714.0,
                    243.0,
                    725.0,
                    242.0,
                    746.0,
                    237.0,
                    777.0,
                    232.0,
                    792.0,
                    229.0,
                    796.0,
                    218.0,
                    804.0,
                    211.0,
                    821.0,
                    212.0,
                    851.0,
                    218.0,
                    862.0,
                    231.0,
                    876.0,
                    233.0,
                    886.0,
                    236.0,
                    888.0,
                    247.0,
                    887.0,
                    251.0,
                    884.0,
                    258.0,
                    885.0,
                    283.0,
                    881.0,
                    300.0,
                    869.0,
                    308.0,
                    859.0,
                    312.0,
                    852.0,
                    316.0,
                    836.0,
                    314.0,
                    816.0,
                    308.0,
                    805.0,
                    297.0,
                    794.0,
                    295.0,
                    787.0,
                    286.0,
                    721.0,
                    283.0,
                    709.0,
                    283.0,
                    701.0,
                    281.0,
                    696.0,
                    275.0,
                    657.0,
                    273.0,
                    629.0,
                    271.0,
                    625.0
                ]
            ],
            "area": 14776.0,
            "iscrowd": 0,
            "image_id": 338473506,
            "bbox": [
                211.0,
                623.0,
                105.0,
                265.0
            ],
            "category_id": 1,
            "id": 619
        },
        {
            "segmentation": [
                [
                    583.0,
                    288.0,
                    579.0,
                    291.0,
                    576.0,
                    300.0,
                    576.0,
                    325.0,
                    574.0,
                    333.0,
                    574.0,
                    347.0,
                    568.0,
                    398.0,
                    566.0,
                    447.0,
                    562.0,
                    456.0,
                    550.0,
                    470.0,
                    547.0,
                    479.0,
                    547.0,
                    499.0,
                    552.0,
                    509.0,
                    564.0,
                    523.0,
                    577.0,
                    530.0,
                    596.0,
                    530.0,
                    600.0,
                    528.0,
                    615.0,
                    527.0,
                    620.0,
                    520.0,
                    625.0,
                    516.0,
                    633.0,
                    500.0,
                    635.0,
                    492.0,
                    635.0,
                    482.0,
                    632.0,
                    467.0,
                    628.0,
                    460.0,
                    617.0,
                    453.0,
                    613.0,
                    447.0,
                    609.0,
                    399.0,
                    604.0,
                    381.0,
                    600.0,
                    338.0,
                    597.0,
                    327.0,
                    596.0,
                    295.0,
                    595.0,
                    292.0,
                    591.0,
                    289.0
                ]
            ],
            "area": 11099.5,
            "iscrowd": 0,
            "image_id": 338473506,
            "bbox": [
                547.0,
                288.0,
                88.0,
                242.0
            ],
            "category_id": 1,
            "id": 620
        },
        {
            "segmentation": [
                [
                    462.0,
                    260.0,
                    444.0,
                    266.0,
                    440.0,
                    273.0,
                    436.0,
                    312.0,
                    436.0,
                    327.0,
                    432.0,
                    357.0,
                    432.0,
                    370.0,
                    427.0,
                    381.0,
                    428.0,
                    390.0,
                    426.0,
                    395.0,
                    413.0,
                    405.0,
                    400.0,
                    424.0,
                    394.0,
                    437.0,
                    394.0,
                    445.0,
                    390.0,
                    459.0,
                    396.0,
                    500.0,
                    412.0,
                    523.0,
                    420.0,
                    526.0,
                    427.0,
                    534.0,
                    431.0,
                    536.0,
                    451.0,
                    539.0,
                    484.0,
                    535.0,
                    497.0,
                    531.0,
                    501.0,
                    526.0,
                    508.0,
                    524.0,
                    529.0,
                    495.0,
                    534.0,
                    469.0,
                    531.0,
                    446.0,
                    526.0,
                    430.0,
                    521.0,
                    423.0,
                    516.0,
                    410.0,
                    505.0,
                    399.0,
                    503.0,
                    393.0,
                    488.0,
                    271.0,
                    483.0,
                    266.0,
                    477.0,
                    263.0
                ]
            ],
            "area": 24948.0,
            "iscrowd": 0,
            "image_id": 338473506,
            "bbox": [
                390.0,
                260.0,
                144.0,
                279.0
            ],
            "category_id": 1,
            "id": 621
        },
        {
            "segmentation": [
                [
                    332.0,
                    404.0,
                    327.0,
                    405.0,
                    323.0,
                    409.0,
                    322.0,
                    475.0,
                    320.0,
                    486.0,
                    317.0,
                    493.0,
                    301.0,
                    509.0,
                    292.0,
                    540.0,
                    292.0,
                    548.0,
                    295.0,
                    550.0,
                    321.0,
                    552.0,
                    349.0,
                    552.0,
                    362.0,
                    550.0,
                    373.0,
                    542.0,
                    368.0,
                    534.0,
                    364.0,
                    514.0,
                    359.0,
                    506.0,
                    352.0,
                    499.0,
                    346.0,
                    490.0,
                    344.0,
                    484.0,
                    338.0,
                    435.0,
                    338.0,
                    412.0,
                    337.0,
                    408.0
                ]
            ],
            "area": 5348.0,
            "iscrowd": 0,
            "image_id": 338473506,
            "bbox": [
                292.0,
                404.0,
                81.0,
                148.0
            ],
            "category_id": 12,
            "id": 622
        },
        {
            "segmentation": [
                [
                    805.0,
                    388.0,
                    802.0,
                    396.0,
                    803.0,
                    403.0,
                    813.0,
                    417.0,
                    822.0,
                    424.0,
                    826.0,
                    431.0,
                    825.0,
                    438.0,
                    829.0,
                    445.0,
                    837.0,
                    452.0,
                    842.0,
                    461.0,
                    847.0,
                    466.0,
                    847.0,
                    470.0,
                    851.0,
                    473.0,
                    860.0,
                    486.0,
                    865.0,
                    487.0,
                    869.0,
                    485.0,
                    878.0,
                    490.0,
                    882.0,
                    490.0,
                    885.0,
                    488.0,
                    936.0,
                    486.0,
                    960.0,
                    472.0,
                    970.0,
                    457.0,
                    977.0,
                    434.0,
                    984.0,
                    423.0,
                    986.0,
                    413.0,
                    985.0,
                    402.0,
                    976.0,
                    395.0,
                    967.0,
                    392.0,
                    962.0,
                    392.0,
                    948.0,
                    385.0,
                    945.0,
                    385.0,
                    926.0,
                    377.0,
                    905.0,
                    373.0,
                    877.0,
                    372.0,
                    864.0,
                    373.0,
                    859.0,
                    376.0,
                    850.0,
                    376.0,
                    846.0,
                    380.0,
                    841.0,
                    380.0,
                    839.0,
                    386.0,
                    832.0,
                    393.0,
                    823.0,
                    383.0,
                    820.0,
                    385.0,
                    814.0,
                    383.0
                ]
            ],
            "area": 15607.5,
            "iscrowd": 0,
            "image_id": 338473506,
            "bbox": [
                802.0,
                372.0,
                184.0,
                118.0
            ],
            "category_id": 12,
            "id": 623
        },
        {
            "segmentation": [
                [
                    840.0,
                    368.0,
                    841.0,
                    372.0,
                    847.0,
                    370.0,
                    842.0,
                    366.0
                ]
            ],
            "area": 22.0,
            "iscrowd": 0,
            "image_id": 338473506,
            "bbox": [
                840.0,
                366.0,
                7.0,
                6.0
            ],
            "category_id": 12,
            "id": 624
        },
        {
            "segmentation": [
                [
                    856.0,
                    533.0,
                    859.0,
                    540.0,
                    863.0,
                    543.0,
                    864.0,
                    540.0,
                    861.0,
                    538.0,
                    861.0,
                    534.0,
                    859.0,
                    532.0
                ]
            ],
            "area": 36.5,
            "iscrowd": 0,
            "image_id": 338473506,
            "bbox": [
                856.0,
                532.0,
                8.0,
                11.0
            ],
            "category_id": 12,
            "id": 625
        },
        {
            "segmentation": [
                [
                    863.0,
                    526.0,
                    862.0,
                    527.0,
                    862.0,
                    530.0,
                    863.0,
                    531.0,
                    863.0,
                    530.0,
                    864.0,
                    529.0,
                    864.0,
                    527.0
                ]
            ],
            "area": 7.0,
            "iscrowd": 0,
            "image_id": 338473506,
            "bbox": [
                862.0,
                526.0,
                2.0,
                5.0
            ],
            "category_id": 12,
            "id": 626
        },
        {
            "segmentation": [
                [
                    759.0,
                    500.0,
                    759.0,
                    507.0,
                    762.0,
                    514.0,
                    770.0,
                    521.0,
                    762.0,
                    530.0,
                    755.0,
                    534.0,
                    752.0,
                    534.0,
                    757.0,
                    542.0,
                    779.0,
                    541.0,
                    787.0,
                    544.0,
                    792.0,
                    544.0,
                    795.0,
                    546.0,
                    823.0,
                    546.0,
                    834.0,
                    542.0,
                    846.0,
                    544.0,
                    853.0,
                    539.0,
                    854.0,
                    528.0,
                    851.0,
                    526.0,
                    849.0,
                    521.0,
                    858.0,
                    508.0,
                    855.0,
                    501.0,
                    855.0,
                    496.0,
                    857.0,
                    493.0,
                    840.0,
                    493.0,
                    837.0,
                    491.0,
                    832.0,
                    492.0,
                    829.0,
                    490.0,
                    821.0,
                    489.0,
                    801.0,
                    489.0,
                    790.0,
                    492.0,
                    781.0,
                    497.0,
                    764.0,
                    495.0
                ]
            ],
            "area": 4780.5,
            "iscrowd": 0,
            "image_id": 338473506,
            "bbox": [
                752.0,
                489.0,
                106.0,
                57.0
            ],
            "category_id": 12,
            "id": 627
        },
        {
            "segmentation": [
                [
                    212.0,
                    238.0,
                    212.0,
                    245.0,
                    207.0,
                    252.0,
                    206.0,
                    267.0,
                    207.0,
                    273.0,
                    216.0,
                    283.0,
                    226.0,
                    284.0,
                    229.0,
                    282.0,
                    236.0,
                    281.0,
                    242.0,
                    283.0,
                    248.0,
                    282.0,
                    251.0,
                    285.0,
                    273.0,
                    283.0,
                    276.0,
                    287.0,
                    270.0,
                    290.0,
                    269.0,
                    294.0,
                    270.0,
                    297.0,
                    274.0,
                    299.0,
                    280.0,
                    291.0,
                    281.0,
                    285.0,
                    283.0,
                    283.0,
                    287.0,
                    285.0,
                    292.0,
                    283.0,
                    301.0,
                    290.0,
                    306.0,
                    289.0,
                    317.0,
                    295.0,
                    328.0,
                    298.0,
                    335.0,
                    305.0,
                    342.0,
                    307.0,
                    357.0,
                    318.0,
                    363.0,
                    319.0,
                    369.0,
                    325.0,
                    376.0,
                    326.0,
                    384.0,
                    332.0,
                    390.0,
                    334.0,
                    395.0,
                    340.0,
                    400.0,
                    340.0,
                    404.0,
                    338.0,
                    405.0,
                    333.0,
                    390.0,
                    320.0,
                    380.0,
                    313.0,
                    372.0,
                    310.0,
                    362.0,
                    301.0,
                    356.0,
                    299.0,
                    345.0,
                    289.0,
                    337.0,
                    287.0,
                    328.0,
                    279.0,
                    319.0,
                    274.0,
                    306.0,
                    259.0,
                    299.0,
                    254.0,
                    292.0,
                    242.0,
                    292.0,
                    238.0,
                    283.0,
                    226.0,
                    274.0,
                    219.0,
                    267.0,
                    216.0,
                    265.0,
                    213.0,
                    260.0,
                    212.0,
                    257.0,
                    208.0,
                    257.0,
                    203.0,
                    252.0,
                    202.0,
                    247.0,
                    195.0,
                    241.0,
                    202.0,
                    237.0,
                    210.0,
                    223.0,
                    224.0,
                    221.0,
                    224.0,
                    219.0,
                    230.0
                ]
            ],
            "area": 7867.5,
            "iscrowd": 0,
            "image_id": 338473506,
            "bbox": [
                206.0,
                195.0,
                199.0,
                145.0
            ],
            "category_id": 4,
            "id": 628
        },
        {
            "segmentation": [
                [
                    233.0,
                    281.0,
                    224.0,
                    286.0,
                    227.0,
                    290.0,
                    228.0,
                    304.0,
                    223.0,
                    318.0,
                    220.0,
                    336.0,
                    213.0,
                    355.0,
                    212.0,
                    366.0,
                    207.0,
                    377.0,
                    204.0,
                    390.0,
                    195.0,
                    410.0,
                    188.0,
                    445.0,
                    188.0,
                    472.0,
                    199.0,
                    495.0,
                    207.0,
                    499.0,
                    214.0,
                    507.0,
                    235.0,
                    512.0,
                    266.0,
                    511.0,
                    279.0,
                    507.0,
                    290.0,
                    500.0,
                    298.0,
                    491.0,
                    305.0,
                    478.0,
                    309.0,
                    458.0,
                    309.0,
                    441.0,
                    300.0,
                    405.0,
                    280.0,
                    348.0,
                    280.0,
                    341.0,
                    274.0,
                    314.0,
                    275.0,
                    285.0,
                    270.0,
                    283.0,
                    246.0,
                    284.0,
                    238.0,
                    281.0
                ]
            ],
            "area": 19557.0,
            "iscrowd": 0,
            "image_id": 338473506,
            "bbox": [
                188.0,
                281.0,
                121.0,
                231.0
            ],
            "category_id": 3,
            "id": 629
        },
        {
            "segmentation": [
                [
                    1781.0,
                    3380.0,
                    1769.0,
                    3365.0,
                    1764.0,
                    3353.0,
                    1752.0,
                    3336.0,
                    1746.0,
                    3324.0,
                    1732.0,
                    3310.0,
                    1724.0,
                    3297.0,
                    1713.0,
                    3286.0,
                    1708.0,
                    3278.0,
                    1685.0,
                    3260.0,
                    1674.0,
                    3247.0,
                    1657.0,
                    3238.0,
                    1641.0,
                    3221.0,
                    1620.0,
                    3213.0,
                    1596.0,
                    3196.0,
                    1568.0,
                    3184.0,
                    1548.0,
                    3169.0,
                    1502.0,
                    3155.0,
                    1493.0,
                    3151.0,
                    1483.0,
                    3143.0,
                    1436.0,
                    3127.0,
                    1425.0,
                    3121.0,
                    1410.0,
                    3117.0,
                    1391.0,
                    3116.0,
                    1356.0,
                    3108.0,
                    1320.0,
                    3108.0,
                    1293.0,
                    3103.0,
                    1272.0,
                    3103.0,
                    1262.0,
                    3106.0,
                    1241.0,
                    3106.0,
                    1224.0,
                    3104.0,
                    1198.0,
                    3108.0,
                    1142.0,
                    3109.0,
                    1125.0,
                    3116.0,
                    1110.0,
                    3118.0,
                    1090.0,
                    3117.0,
                    1080.0,
                    3119.0,
                    1026.0,
                    3137.0,
                    1008.0,
                    3139.0,
                    1002.0,
                    3145.0,
                    991.0,
                    3152.0,
                    972.0,
                    3155.0,
                    956.0,
                    3161.0,
                    949.0,
                    3166.0,
                    941.0,
                    3176.0,
                    925.0,
                    3178.0,
                    913.0,
                    3190.0,
                    890.0,
                    3203.0,
                    861.0,
                    3223.0,
                    835.0,
                    3247.0,
                    832.0,
                    3252.0,
                    811.0,
                    3273.0,
                    806.0,
                    3282.0,
                    792.0,
                    3295.0,
                    782.0,
                    3312.0,
                    769.0,
                    3327.0,
                    764.0,
                    3339.0,
                    748.0,
                    3367.0,
                    741.0,
                    3385.0,
                    724.0,
                    3408.0,
                    706.0,
                    3458.0,
                    700.0,
                    3484.0,
                    696.0,
                    3527.0,
                    696.0,
                    3578.0,
                    703.0,
                    3624.0,
                    708.0,
                    3641.0,
                    712.0,
                    3649.0,
                    722.0,
                    3685.0,
                    741.0,
                    3723.0,
                    754.0,
                    3735.0,
                    781.0,
                    3774.0,
                    803.0,
                    3794.0,
                    808.0,
                    3802.0,
                    828.0,
                    3816.0,
                    840.0,
                    3828.0,
                    852.0,
                    3833.0,
                    872.0,
                    3846.0,
                    890.0,
                    3854.0,
                    939.0,
                    3869.0,
                    972.0,
                    3876.0,
                    999.0,
                    3879.0,
                    1058.0,
                    3879.0,
                    1073.0,
                    3874.0,
                    1091.0,
                    3874.0,
                    1109.0,
                    3869.0,
                    1125.0,
                    3867.0,
                    1161.0,
                    3857.0,
                    1176.0,
                    3848.0,
                    1210.0,
                    3835.0,
                    1222.0,
                    3827.0,
                    1242.0,
                    3809.0,
                    1273.0,
                    3788.0,
                    1283.0,
                    3778.0,
                    1286.0,
                    3772.0,
                    1313.0,
                    3738.0,
                    1322.0,
                    3722.0,
                    1334.0,
                    3695.0,
                    1336.0,
                    3684.0,
                    1341.0,
                    3671.0,
                    1345.0,
                    3623.0,
                    1345.0,
                    3591.0,
                    1337.0,
                    3538.0,
                    1331.0,
                    3521.0,
                    1321.0,
                    3503.0,
                    1313.0,
                    3475.0,
                    1290.0,
                    3433.0,
                    1288.0,
                    3423.0,
                    1283.0,
                    3412.0,
                    1278.0,
                    3406.0,
                    1270.0,
                    3382.0,
                    1273.0,
                    3352.0,
                    1286.0,
                    3330.0,
                    1304.0,
                    3312.0,
                    1309.0,
                    3309.0,
                    1316.0,
                    3308.0,
                    1342.0,
                    3293.0,
                    1371.0,
                    3287.0,
                    1392.0,
                    3289.0,
                    1407.0,
                    3284.0,
                    1424.0,
                    3287.0,
                    1443.0,
                    3287.0,
                    1457.0,
                    3291.0,
                    1477.0,
                    3289.0,
                    1523.0,
                    3299.0,
                    1533.0,
                    3305.0,
                    1553.0,
                    3311.0,
                    1565.0,
                    3319.0,
                    1575.0,
                    3324.0,
                    1583.0,
                    3326.0,
                    1593.0,
                    3333.0,
                    1608.0,
                    3333.0,
                    1620.0,
                    3340.0,
                    1632.0,
                    3352.0,
                    1637.0,
                    3366.0,
                    1642.0,
                    3371.0,
                    1663.0,
                    3385.0,
                    1675.0,
                    3391.0,
                    1690.0,
                    3404.0,
                    1700.0,
                    3415.0,
                    1711.0,
                    3420.0,
                    1734.0,
                    3421.0,
                    1760.0,
                    3418.0,
                    1775.0,
                    3418.0,
                    1790.0,
                    3406.0,
                    1785.0,
                    3398.0
                ]
            ],
            "area": 459078.5,
            "iscrowd": 0,
            "image_id": 338473507,
            "bbox": [
                696.0,
                3103.0,
                1094.0,
                776.0
            ],
            "category_id": 6,
            "id": 630
        },
        {
            "segmentation": [
                [
                    2040.0,
                    3275.0,
                    2035.0,
                    3288.0,
                    2024.0,
                    3299.0,
                    2021.0,
                    3307.0,
                    2015.0,
                    3316.0,
                    2003.0,
                    3328.0,
                    1991.0,
                    3354.0,
                    1984.0,
                    3364.0,
                    1975.0,
                    3373.0,
                    1971.0,
                    3381.0,
                    1965.0,
                    3406.0,
                    1953.0,
                    3425.0,
                    1942.0,
                    3450.0,
                    1935.0,
                    3459.0,
                    1924.0,
                    3468.0,
                    1916.0,
                    3482.0,
                    1916.0,
                    3509.0,
                    1924.0,
                    3534.0,
                    1929.0,
                    3536.0,
                    1945.0,
                    3536.0,
                    1955.0,
                    3539.0,
                    1961.0,
                    3539.0,
                    1966.0,
                    3537.0,
                    1992.0,
                    3533.0,
                    2001.0,
                    3523.0,
                    2010.0,
                    3499.0,
                    2015.0,
                    3493.0,
                    2026.0,
                    3485.0,
                    2033.0,
                    3458.0,
                    2039.0,
                    3447.0,
                    2053.0,
                    3433.0,
                    2090.0,
                    3404.0,
                    2108.0,
                    3383.0,
                    2124.0,
                    3379.0,
                    2141.0,
                    3359.0,
                    2158.0,
                    3353.0,
                    2170.0,
                    3340.0,
                    2177.0,
                    3335.0,
                    2191.0,
                    3329.0,
                    2208.0,
                    3330.0,
                    2217.0,
                    3326.0,
                    2225.0,
                    3325.0,
                    2241.0,
                    3318.0,
                    2257.0,
                    3315.0,
                    2294.0,
                    3316.0,
                    2306.0,
                    3313.0,
                    2319.0,
                    3313.0,
                    2357.0,
                    3318.0,
                    2379.0,
                    3327.0,
                    2411.0,
                    3351.0,
                    2428.0,
                    3379.0,
                    2435.0,
                    3405.0,
                    2432.0,
                    3432.0,
                    2426.0,
                    3459.0,
                    2422.0,
                    3468.0,
                    2419.0,
                    3484.0,
                    2410.0,
                    3509.0,
                    2402.0,
                    3521.0,
                    2394.0,
                    3538.0,
                    2391.0,
                    3561.0,
                    2384.0,
                    3595.0,
                    2382.0,
                    3646.0,
                    2387.0,
                    3676.0,
                    2393.0,
                    3695.0,
                    2399.0,
                    3722.0,
                    2405.0,
                    3735.0,
                    2420.0,
                    3760.0,
                    2439.0,
                    3800.0,
                    2451.0,
                    3814.0,
                    2464.0,
                    3833.0,
                    2474.0,
                    3843.0,
                    2490.0,
                    3853.0,
                    2510.0,
                    3871.0,
                    2524.0,
                    3881.0,
                    2542.0,
                    3891.0,
                    2556.0,
                    3895.0,
                    2577.0,
                    3906.0,
                    2600.0,
                    3912.0,
                    2652.0,
                    3921.0,
                    2693.0,
                    3921.0,
                    2706.0,
                    3917.0,
                    2726.0,
                    3916.0,
                    2742.0,
                    3910.0,
                    2758.0,
                    3908.0,
                    2776.0,
                    3900.0,
                    2793.0,
                    3898.0,
                    2824.0,
                    3890.0,
                    2842.0,
                    3872.0,
                    2858.0,
                    3859.0,
                    2891.0,
                    3839.0,
                    2906.0,
                    3820.0,
                    2926.0,
                    3801.0,
                    2945.0,
                    3776.0,
                    2961.0,
                    3743.0,
                    2975.0,
                    3721.0,
                    2984.0,
                    3693.0,
                    2987.0,
                    3672.0,
                    2991.0,
                    3660.0,
                    2993.0,
                    3645.0,
                    3000.0,
                    3619.0,
                    3001.0,
                    3574.0,
                    2993.0,
                    3485.0,
                    2985.0,
                    3466.0,
                    2977.0,
                    3427.0,
                    2967.0,
                    3404.0,
                    2958.0,
                    3372.0,
                    2928.0,
                    3328.0,
                    2917.0,
                    3315.0,
                    2908.0,
                    3300.0,
                    2896.0,
                    3289.0,
                    2885.0,
                    3271.0,
                    2862.0,
                    3247.0,
                    2853.0,
                    3241.0,
                    2826.0,
                    3213.0,
                    2818.0,
                    3209.0,
                    2793.0,
                    3191.0,
                    2775.0,
                    3184.0,
                    2757.0,
                    3169.0,
                    2740.0,
                    3160.0,
                    2718.0,
                    3155.0,
                    2692.0,
                    3143.0,
                    2679.0,
                    3140.0,
                    2658.0,
                    3132.0,
                    2642.0,
                    3130.0,
                    2625.0,
                    3121.0,
                    2605.0,
                    3116.0,
                    2575.0,
                    3112.0,
                    2560.0,
                    3107.0,
                    2543.0,
                    3104.0,
                    2521.0,
                    3105.0,
                    2508.0,
                    3102.0,
                    2494.0,
                    3104.0,
                    2477.0,
                    3102.0,
                    2452.0,
                    3104.0,
                    2431.0,
                    3101.0,
                    2405.0,
                    3101.0,
                    2393.0,
                    3104.0,
                    2341.0,
                    3105.0,
                    2325.0,
                    3112.0,
                    2291.0,
                    3117.0,
                    2281.0,
                    3122.0,
                    2264.0,
                    3127.0,
                    2248.0,
                    3135.0,
                    2225.0,
                    3142.0,
                    2191.0,
                    3161.0,
                    2175.0,
                    3165.0,
                    2152.0,
                    3184.0,
                    2138.0,
                    3193.0,
                    2130.0,
                    3201.0,
                    2116.0,
                    3211.0,
                    2098.0,
                    3221.0,
                    2080.0,
                    3240.0,
                    2069.0,
                    3249.0,
                    2062.0,
                    3259.0
                ]
            ],
            "area": 482893.0,
            "iscrowd": 0,
            "image_id": 338473507,
            "bbox": [
                1916.0,
                3101.0,
                1085.0,
                820.0
            ],
            "category_id": 6,
            "id": 631
        }
    ],
    "categories": [
        {
            "supercategory": "ampullae",
            "id": 1,
            "name": "ampullae"
        },
        {
            "supercategory": "animal",
            "id": 2,
            "name": "animal"
        },
        {
            "supercategory": "cucurbitae",
            "id": 3,
            "name": "cucurbitae"
        },
        {
            "supercategory": "cucurbitae-ambix",
            "id": 4,
            "name": "cucurbitae-ambix"
        },
        {
            "supercategory": "ollae",
            "id": 5,
            "name": "ollae"
        },
        {
            "supercategory": "cucurbitae-retorte",
            "id": 6,
            "name": "cucurbitae-retorte"
        },
        {
            "supercategory": "cucurbitae-rosenhut",
            "id": 7,
            "name": "cucurbitae-rosenhut"
        },
        {
            "supercategory": "furnace",
            "id": 8,
            "name": "furnace"
        },
        {
            "supercategory": "human",
            "id": 9,
            "name": "human"
        },
        {
            "supercategory": "mineral-metal",
            "id": 10,
            "name": "mineral-metal"
        },
        {
            "supercategory": "plant",
            "id": 11,
            "name": "plant"
        },
        {
            "supercategory": "other-equipment",
            "id": 12,
            "name": "other-equipment"
        }
    ]
}